ID,Name,Age,City
1,Vikram,27,Kochi
2,Priya,22,Mumbai
3,Frank,26,Mumbai
4,Liam,24,Delhi
5,Uma,32,Hyderabad
6,Vikram,32,Hyderabad
7,Kiran,26,Kochi
8,Hannah,36,Bangalore
9,Ibrahim,31,Hyderabad
10,Bob,37,Bangalore
11,Zane,20,Bangalore
12,Wendy,39,Kolkata
13,Uma,33,Delhi
14,Alice,21,Pune
15,David,27,Bangalore
16,Quinn,40,Kochi
17,Eva,38,Kochi
18,Vikram,39,Delhi
19,Frank,20,Hyderabad
20,Maya,39,Delhi
21,Yara,37,Bangalore
22,Priya,35,Delhi
23,Liam,21,Kochi
24,Nikhil,39,Delhi
25,Xavier,28,Pune
26,Zane,38,Hyderabad
27,Frank,25,Chennai
28,Nikhil,23,Chennai
29,Liam,27,Chennai
30,Kiran,22,Hyderabad
31,Sara,38,Mumbai
32,Olivia,23,Chennai
33,Jack,40,Delhi
34,Yara,21,Hyderabad
35,Vikram,25,Bangalore
36,Hannah,26,Kolkata
37,Eva,21,Pune
38,Bob,27,Kochi
39,Nikhil,37,Hyderabad
40,Maya,26,Chennai
41,Rahul,37,Bangalore
42,Maya,35,Pune
43,Charlie,20,Kolkata
44,Priya,39,Kolkata
45,David,40,Hyderabad
46,Grace,37,Delhi
47,Xavier,25,Pune
48,David,26,Chennai
49,Xavier,35,Pune
50,Frank,34,Bangalore
